commit,tree,parent,author,committer,subject,message,trailer,difference,difference_truncated,repo_name,encoding
commit_0000,tree_0000,['parent_2'],"{'name': 'Bob', 'email': 'bob@example.com'}","{'name': 'Dana', 'email': 'dana@example.com', 'date': '2016-05-17T00:00:00'}",Commit message 0,Detailed commit message 0,"[{'key': 'Signed-off-by', 'value': 'Bob'}]","[{'old_mode': 33188, 'new_mode': 33188, 'old_path': 'file_0.c', 'new_path': 'file_0.c'}]",,example/repo,
commit_0001,tree_0001,['parent_2'],"{'name': 'Bob', 'email': 'bob@example.com'}","{'name': 'Bob', 'email': 'bob@example.com', 'date': '2016-09-05T00:00:00'}",Commit message 1,Detailed commit message 1,"[{'key': 'Signed-off-by', 'value': 'Bob'}]","[{'old_mode': 33188, 'new_mode': 33188, 'old_path': 'file_1.c', 'new_path': 'file_1.c'}]",,example/repo,
commit_0002,tree_0002,['parent_5'],"{'name': 'Alice', 'email': 'alice@example.com'}","{'name': 'Bob', 'email': 'bob@example.com', 'date': '2016-12-12T00:00:00'}",Commit message 2,Detailed commit message 2,"[{'key': 'Signed-off-by', 'value': 'Alice'}]","[{'old_mode': 33188, 'new_mode': 33188, 'old_path': 'file_2.c', 'new_path': 'file_2.c'}]",,example/repo,
commit_0003,tree_0003,['parent_1'],"{'name': 'Charlie', 'email': 'charlie@example.com'}","{'name': 'Bob', 'email': 'bob@example.com', 'date': '2016-12-01T00:00:00'}",Commit message 3,Detailed commit message 3,"[{'key': 'Signed-off-by', 'value': 'Charlie'}]","[{'old_mode': 33188, 'new_mode': 33188, 'old_path': 'file_3.c', 'new_path': 'file_3.c'}]",,example/repo,
commit_0004,tree_0004,['parent_2'],"{'name': 'Charlie', 'email': 'charlie@example.com'}","{'name': 'Dana', 'email': 'dana@example.com', 'date': '2016-04-01T00:00:00'}",Commit message 4,Detailed commit message 4,"[{'key': 'Signed-off-by', 'value': 'Charlie'}]","[{'old_mode': 33188, 'new_mode': 33188, 'old_path': 'file_4.c', 'new_path': 'file_4.c'}]",,example/repo,
commit_0005,tree_0005,['parent_1'],"{'name': 'Bob', 'email': 'bob@example.com'}","{'name': 'Alice', 'email': 'alice@example.com', 'date': '2016-05-21T00:00:00'}",Commit message 5,Detailed commit message 5,"[{'key': 'Signed-off-by', 'value': 'Bob'}]","[{'old_mode': 33188, 'new_mode': 33188, 'old_path': 'file_5.c', 'new_path': 'file_5.c'}]",,example/repo,
commit_0006,tree_0006,['parent_2'],"{'name': 'Dana', 'email': 'dana@example.com'}","{'name': 'Dana', 'email': 'dana@example.com', 'date': '2016-05-23T00:00:00'}",Commit message 6,Detailed commit message 6,"[{'key': 'Signed-off-by', 'value': 'Dana'}]","[{'old_mode': 33188, 'new_mode': 33188, 'old_path': 'file_6.c', 'new_path': 'file_6.c'}]",,example/repo,
commit_0007,tree_0007,['parent_4'],"{'name': 'Bob', 'email': 'bob@example.com'}","{'name': 'Bob', 'email': 'bob@example.com', 'date': '2016-02-11T00:00:00'}",Commit message 7,Detailed commit message 7,"[{'key': 'Signed-off-by', 'value': 'Bob'}]","[{'old_mode': 33188, 'new_mode': 33188, 'old_path': 'file_7.c', 'new_path': 'file_7.c'}]",,example/repo,
commit_0008,tree_0008,['parent_1'],"{'name': 'Alice', 'email': 'alice@example.com'}","{'name': 'Charlie', 'email': 'charlie@example.com', 'date': '2016-07-09T00:00:00'}",Commit message 8,Detailed commit message 8,"[{'key': 'Signed-off-by', 'value': 'Alice'}]","[{'old_mode': 33188, 'new_mode': 33188, 'old_path': 'file_8.c', 'new_path': 'file_8.c'}]",,example/repo,
commit_0009,tree_0009,['parent_3'],"{'name': 'Bob', 'email': 'bob@example.com'}","{'name': 'Bob', 'email': 'bob@example.com', 'date': '2016-11-27T00:00:00'}",Commit message 9,Detailed commit message 9,"[{'key': 'Signed-off-by', 'value': 'Bob'}]","[{'old_mode': 33188, 'new_mode': 33188, 'old_path': 'file_9.c', 'new_path': 'file_9.c'}]",,example/repo,
commit_0010,tree_0010,['parent_5'],"{'name': 'Alice', 'email': 'alice@example.com'}","{'name': 'Charlie', 'email': 'charlie@example.com', 'date': '2016-03-18T00:00:00'}",Commit message 10,Detailed commit message 10,"[{'key': 'Signed-off-by', 'value': 'Alice'}]","[{'old_mode': 33188, 'new_mode': 33188, 'old_path': 'file_10.c', 'new_path': 'file_10.c'}]",,example/repo,
commit_0011,tree_0011,['parent_5'],"{'name': 'Charlie', 'email': 'charlie@example.com'}","{'name': 'Bob', 'email': 'bob@example.com', 'date': '2016-12-04T00:00:00'}",Commit message 11,Detailed commit message 11,"[{'key': 'Signed-off-by', 'value': 'Charlie'}]","[{'old_mode': 33188, 'new_mode': 33188, 'old_path': 'file_11.c', 'new_path': 'file_11.c'}]",,example/repo,
commit_0012,tree_0012,['parent_5'],"{'name': 'Alice', 'email': 'alice@example.com'}","{'name': 'Charlie', 'email': 'charlie@example.com', 'date': '2016-08-28T00:00:00'}",Commit message 12,Detailed commit message 12,"[{'key': 'Signed-off-by', 'value': 'Alice'}]","[{'old_mode': 33188, 'new_mode': 33188, 'old_path': 'file_12.c', 'new_path': 'file_12.c'}]",,example/repo,
commit_0013,tree_0013,['parent_5'],"{'name': 'Alice', 'email': 'alice@example.com'}","{'name': 'Dana', 'email': 'dana@example.com', 'date': '2016-12-16T00:00:00'}",Commit message 13,Detailed commit message 13,"[{'key': 'Signed-off-by', 'value': 'Alice'}]","[{'old_mode': 33188, 'new_mode': 33188, 'old_path': 'file_13.c', 'new_path': 'file_13.c'}]",,example/repo,
commit_0014,tree_0014,['parent_5'],"{'name': 'Bob', 'email': 'bob@example.com'}","{'name': 'Alice', 'email': 'alice@example.com', 'date': '2016-06-19T00:00:00'}",Commit message 14,Detailed commit message 14,"[{'key': 'Signed-off-by', 'value': 'Bob'}]","[{'old_mode': 33188, 'new_mode': 33188, 'old_path': 'file_14.c', 'new_path': 'file_14.c'}]",,example/repo,
commit_0015,tree_0015,['parent_5'],"{'name': 'Bob', 'email': 'bob@example.com'}","{'name': 'Charlie', 'email': 'charlie@example.com', 'date': '2016-06-30T00:00:00'}",Commit message 15,Detailed commit message 15,"[{'key': 'Signed-off-by', 'value': 'Bob'}]","[{'old_mode': 33188, 'new_mode': 33188, 'old_path': 'file_15.c', 'new_path': 'file_15.c'}]",,example/repo,
commit_0016,tree_0016,['parent_1'],"{'name': 'Alice', 'email': 'alice@example.com'}","{'name': 'Dana', 'email': 'dana@example.com', 'date': '2016-12-12T00:00:00'}",Commit message 16,Detailed commit message 16,"[{'key': 'Signed-off-by', 'value': 'Alice'}]","[{'old_mode': 33188, 'new_mode': 33188, 'old_path': 'file_16.c', 'new_path': 'file_16.c'}]",,example/repo,
commit_0017,tree_0017,['parent_4'],"{'name': 'Alice', 'email': 'alice@example.com'}","{'name': 'Charlie', 'email': 'charlie@example.com', 'date': '2016-10-23T00:00:00'}",Commit message 17,Detailed commit message 17,"[{'key': 'Signed-off-by', 'value': 'Alice'}]","[{'old_mode': 33188, 'new_mode': 33188, 'old_path': 'file_17.c', 'new_path': 'file_17.c'}]",,example/repo,
commit_0018,tree_0018,['parent_4'],"{'name': 'Alice', 'email': 'alice@example.com'}","{'name': 'Bob', 'email': 'bob@example.com', 'date': '2016-09-20T00:00:00'}",Commit message 18,Detailed commit message 18,"[{'key': 'Signed-off-by', 'value': 'Alice'}]","[{'old_mode': 33188, 'new_mode': 33188, 'old_path': 'file_18.c', 'new_path': 'file_18.c'}]",,example/repo,
commit_0019,tree_0019,['parent_1'],"{'name': 'Bob', 'email': 'bob@example.com'}","{'name': 'Bob', 'email': 'bob@example.com', 'date': '2016-04-29T00:00:00'}",Commit message 19,Detailed commit message 19,"[{'key': 'Signed-off-by', 'value': 'Bob'}]","[{'old_mode': 33188, 'new_mode': 33188, 'old_path': 'file_19.c', 'new_path': 'file_19.c'}]",,example/repo,
commit_0020,tree_0020,['parent_4'],"{'name': 'Charlie', 'email': 'charlie@example.com'}","{'name': 'Charlie', 'email': 'charlie@example.com', 'date': '2016-09-15T00:00:00'}",Commit message 20,Detailed commit message 20,"[{'key': 'Signed-off-by', 'value': 'Charlie'}]","[{'old_mode': 33188, 'new_mode': 33188, 'old_path': 'file_20.c', 'new_path': 'file_20.c'}]",,example/repo,
commit_0021,tree_0021,['parent_4'],"{'name': 'Alice', 'email': 'alice@example.com'}","{'name': 'Dana', 'email': 'dana@example.com', 'date': '2016-07-06T00:00:00'}",Commit message 21,Detailed commit message 21,"[{'key': 'Signed-off-by', 'value': 'Alice'}]","[{'old_mode': 33188, 'new_mode': 33188, 'old_path': 'file_21.c', 'new_path': 'file_21.c'}]",,example/repo,
commit_0022,tree_0022,['parent_1'],"{'name': 'Alice', 'email': 'alice@example.com'}","{'name': 'Bob', 'email': 'bob@example.com', 'date': '2016-10-20T00:00:00'}",Commit message 22,Detailed commit message 22,"[{'key': 'Signed-off-by', 'value': 'Alice'}]","[{'old_mode': 33188, 'new_mode': 33188, 'old_path': 'file_22.c', 'new_path': 'file_22.c'}]",,example/repo,
commit_0023,tree_0023,['parent_4'],"{'name': 'Charlie', 'email': 'charlie@example.com'}","{'name': 'Bob', 'email': 'bob@example.com', 'date': '2016-03-31T00:00:00'}",Commit message 23,Detailed commit message 23,"[{'key': 'Signed-off-by', 'value': 'Charlie'}]","[{'old_mode': 33188, 'new_mode': 33188, 'old_path': 'file_23.c', 'new_path': 'file_23.c'}]",,example/repo,
commit_0024,tree_0024,['parent_3'],"{'name': 'Charlie', 'email': 'charlie@example.com'}","{'name': 'Dana', 'email': 'dana@example.com', 'date': '2016-04-21T00:00:00'}",Commit message 24,Detailed commit message 24,"[{'key': 'Signed-off-by', 'value': 'Charlie'}]","[{'old_mode': 33188, 'new_mode': 33188, 'old_path': 'file_24.c', 'new_path': 'file_24.c'}]",,example/repo,
